{
  "Regex baseline": {
    "standard_oral": {
      "precision": 0.9991749174917491,
      "recall": 0.9023845007451565,
      "f1": 0.9483163664839467,
      "n": 1342
    },
    "oncology": {
      "precision": 1.0,
      "recall": 0.47435897435897434,
      "f1": 0.6434782608695652,
      "n": 156
    },
    "prn": {
      "precision": 0.9940828402366864,
      "recall": 0.7097163548581774,
      "f1": 0.8281690140845069,
      "n": 1657
    },
    "other": {
      "precision": 0.841504902941765,
      "recall": 0.566711590296496,
      "f1": 0.6772972537649996,
      "n": 7420
    },
    "overall": {
      "precision": 0.8928475756763997,
      "recall": 0.630354609929078,
      "f1": 0.7389834266393216,
      "n": 10575
    }
  },
  "GPT-4o zero-shot": {
    "standard_oral": {
      "precision": 0.9981998199819982,
      "recall": 0.8263785394932935,
      "f1": 0.9041989400733795,
      "n": 1342
    },
    "oncology": {
      "precision": 1.0,
      "recall": 0.30128205128205127,
      "f1": 0.46305418719211816,
      "n": 156
    },
    "prn": {
      "precision": 0.9975429975429976,
      "recall": 0.7350633675316838,
      "f1": 0.846421125781793,
      "n": 1657
    },
    "other": {
      "precision": 0.986225229579507,
      "recall": 0.55,
      "f1": 0.7061775393666725,
      "n": 7420
    },
    "overall": {
      "precision": 0.9904864201319625,
      "recall": 0.6104018912529551,
      "f1": 0.7553241282471331,
      "n": 10575
    }
  },
  "GPT-4o few-shot": {
    "standard_oral": {
      "precision": 1.0,
      "recall": 0.7146050670640834,
      "f1": 0.8335506301607997,
      "n": 1342
    },
    "oncology": {
      "precision": 0.5471698113207547,
      "recall": 0.1858974358974359,
      "f1": 0.27751196172248804,
      "n": 156
    },
    "prn": {
      "precision": 0.9981549815498155,
      "recall": 0.6529873264936632,
      "f1": 0.7894928858080992,
      "n": 1657
    },
    "other": {
      "precision": 0.9841660802251935,
      "recall": 0.3769541778975741,
      "f1": 0.5451179107386473,
      "n": 7420
    },
    "overall": {
      "precision": 0.9856217091940057,
      "recall": 0.46023640661938536,
      "f1": 0.6274737317088893,
      "n": 10575
    }
  },
  "BioMistral zero-shot": {
    "standard_oral": {
      "precision": 0.9852941176470589,
      "recall": 0.349478390461997,
      "f1": 0.515951595159516,
      "n": 1342
    },
    "oncology": {
      "precision": 1.0,
      "recall": 0.10897435897435898,
      "f1": 0.19653179190751444,
      "n": 156
    },
    "prn": {
      "precision": 0.9953379953379954,
      "recall": 0.2576946288473144,
      "f1": 0.40939597315436244,
      "n": 1657
    },
    "other": {
      "precision": 0.9171348314606742,
      "recall": 0.17601078167115902,
      "f1": 0.29534147444595205,
      "n": 7420
    },
    "overall": {
      "precision": 0.9458653026427962,
      "recall": 0.20983451536643025,
      "f1": 0.3434718675025153,
      "n": 10575
    }
  },
  "BioMistral few-shot": {
    "standard_oral": {
      "precision": 0.9748427672955975,
      "recall": 0.3464977645305514,
      "f1": 0.5112699285321606,
      "n": 1342
    },
    "oncology": {
      "precision": 0.4444444444444444,
      "recall": 0.05128205128205128,
      "f1": 0.09195402298850575,
      "n": 156
    },
    "prn": {
      "precision": 0.9656019656019657,
      "recall": 0.2371756185878093,
      "f1": 0.3808139534883721,
      "n": 1657
    },
    "other": {
      "precision": 0.9515324305060584,
      "recall": 0.17991913746630728,
      "f1": 0.3026181570894253,
      "n": 7420
    },
    "overall": {
      "precision": 0.954880694143167,
      "recall": 0.2081323877068558,
      "f1": 0.34177018633540374,
      "n": 10575
    }
  }
}